names,count
Eric Jones,248
Pearu Peterson,1106
Travis Oliphant,1991
prabhu,13
Travis Vaught,7
patmiller,6
jswhit,1
dmorrill,4
skip,10
martin,1
nobody,2
Robert Kern,225
jmiller,20
Fernando Perez,22
joe,2
swalton,2
chanley,25
cookedm,249
edschofield,38
Charles Harris,5562
sasha,74
Robert Cimrman,11
Tim Hochberg,16
Tim Leslie,29
abaecker,2
Stefan van der Walt,475
wfspotz@sandia.gov,64
Jarrod Millman,138
Chris Barker,4
chris.burns,14
David Cournapeau,1525
dhuard,31
pierregm,199
Matthew Brett,101
aarchiba,7
Pauli Virtanen,817
Christoph Weidemann,1
Alan McIntyre,81
Darren Dale,7
mdroe,25
Aaron River,15
Ilan Schnell,1
Paul Ivanov,5
madhusudancs,1
rgommers,116
Mark Wiebe,746
Scott Sinclair,3
Fabian Pedregosa,3
Neil Muller,1
weathergod,2
Simon Blyth,1
David Warde-Farley,30
cgholke,1
Martin Spacek,4
Justin Peel,4
Dag Sverre Seljebotn,1
Luis Pedro Coelho,4
zed,1
Ralf Gommers,826
Michael Droettboom,18
Eli Stevens,1
Christoph Gohlke,47
Derek Homier,1
Derek Homeir,1
Paul Anton Letnes,4
Christolph Gohlke,1
Jason Grout,2
Derek Homeier,7
Skipper Seabold,12
Mark,13
Keith Goodman,1
Ben Walsh,9
Lars Buitinck,64
Steve R. Hastings,3
Alok Singhal,4
David Huard,1
Chris Jordan-Squire,11
Arfrever Frehtes Taifersar Arahesis,1
Brent Pedersen,1
Han,13
87,11
Rui Pereira,1
Travis E. Oliphant,74
Valentin Haenel,6
Hrvoje Niksic,1
Christopher L. Farrow,10
hangenuit@gmail.com,6
tim cera,3
Ben Root,3
Raymond Roberts,1
Carlos Valiente,1
Per A. Brodtkorb,1
Geoffrey Irving,5
Joonas Paalasmaa,1
Warren Weckesser,157
Eric Firing,5
Bryan Van de Ven,4
Joe Kington,5
Henry Gomersall,1
cgohlke,21
Nicolas Pinto,4
Thouis (Ray) Jones,15
Timo Kluck,1
Tony S Yu,1
Han Genuit,26
Francesc Alted,1
Denis Laxalde,8
Nathaniel J. Smith,222
Tim Cera,1
Yaroslav Halchenko,14
ahmadia,2
Aron Ahmadia,4
Michael McNeil Forbes,2
Marc Abramowitz,2
njsmith,117
Robert Kende,2
Frederic,19
Jake Vanderplas,1
endolith,46
Sveinung Gundersen,1
martingoodson,1
Eric Fode,10
Bradley M. Froehle,5
Loftie Ellis,1
jayvius,6
Jay Bourque,121
Matt Davis,1
Ronan Lamy,8
Ondrej Certik,12
Chris,1
Ondřej Čertík,40
Sebastian Berg,1337
Adam Griffiths,1
John Salvatier,18
Thomas Robitaille,16
Guillaume Gay,3
Christian Brueffer,2
Alexander Belopolsky,8
peterjc,3
Nicolas Scheffer,2
GaelVaroquaux,3
Gabriel,2
Julian Taylor,750
Dan Hipschman,1
Sandro Tosi,4
Juan Luis Cano Rodríguez,4
seberg,127
Marcin Juszkiewicz,1
argriffing,7
Vladimir Rutsky,1
Martin Baeuml,1
ovillellas,69
Raul Cota,2
Steve,3
Frank B,2
Eric Moore,28
Andreas Hilboll,2
daveydave400,1
Takafumi Arakaki,1
Maximilian Albert,1
Bill Spotz,9
Egor Zindy,9
Martin Teichmann,3
Alex Ford,3
Julien Phalip,1
Jos de Kloe,1
Adam Ginsburg,2
jamestwebber,2
Jonathan Waltman,1
Arink Verma,23
Josh Warner (Mac),3
Edward Catmur,2
Carwyn Pelley,1
Dan Miller,2
Leon Weber,1
bebert218,1
mwtoews,2
John Benediktsson,1
m-d-w,30
Johannes Schönberger,21
Joon Ro,1
zindy,1
Bartosz Telenczuk,2
Fazlul Shahriar,3
Robert Costa,1
Kumar Appaiah,1
jmozmoz,1
Andrew Horton,1
Rob Ruana,1
HaroldMills,1
Daniel,5
Jostein Bø Fløystad,2
Andreas Kloeckner,1
Frank Breitling,3
K.-Michael Aye,2
jeromekelleher,1
Nils Werner,3
hklemm,1
Tomas Tomecek,1
Andreas Schwab,3
dmuellner,5
Jesús Gómez,1
Félix Hartmann,4
Eric Price,1
Yury V. Zaytsev,3
Benjamin Root,2
jnothman,4
Sascha Peilicke,1
Bago Amirbekian,5
Richard Hattersley,1
Ake Sandgren,1
Matthieu Dartiailh,3
Blake Griffith,23
Olivier Grisel,14
danieljfarrell,1
Jonathan Helmus,18
Yaron de Leeuw,13
Dimas Abreu Dutra,3
CJ Carey,6
Alex Barth,1
Jason Madden,1
Joseph Martinot-Lagarde,8
Marten van Kerkwijk,247
Bernhard Spinnler,2
Niklas Koep,1
Mark Dickinson,1
Christoph Dann,1
John Stechschulte,1
ochoadavid,1
Andrew Stromnov,1
bbudescu,1
Luke Carmichael,3
eltjpm,1
Miguel de Val-Borro,1
Chris Kerr,24
Lev Abalkin,9
Thomas Kluyver,3
Arun Persaud,2
Markus Roth,1
Gary Oberbrunner,3
Charles G Waldman,1
Christopher Dembia,1
Max Sperlich,7
Jonathan L Long,4
rhewett,1
alex,45
leaz,1
hpaulj,2
Leif Denby,1
Pascal Bugnion,3
Ulrich Seidl,2
Janani,1
astaric,1
jaimefrio,64
Philip Eliot,1
Robert Franke,1
Chris Ball,1
Bastian Venthur,1
Marc-Alexandre Côté,1
Niklas Hambüchen,1
jspreston,1
Sankarshan Mudkavi,5
Arnaud Bergeron,2
Allen Riddell,1
James Yu,1
Daniel da Silva,12
mosessky,1
jarondl,2
Roman Nekhoroshev,1
Cimarron Mittelsteadt,3
LeoMao,2
Erik M. Bray,14
Hans Meine,5
Robert Pröpper,1
Pontus Stenetorp,1
Jez Ng,1
Yoshiki Vázquez Baeza,8
immerrr,3
Albert,1
William Grant,1
Tim Burgess,1
ggventurini,1
szpy,1
Gaëtan de Menten,4
jess010,2
Diego Mesa,1
Cameron Bates,1
David Freese,6
Alex Stewart,4
Josh Lawrence,2
Geert Barentsen,1
brettrmurphy,1
Mike Kelly,1
Frederik Rietdijk,1
David Froger,1
Yoni Ben-Meshulam,1
Michael Aquilina,1
markdepristo,1
jurnix,1
Adam Reeve,1
Ilambharathi Kanniah,2
Simon Guillot,3
Kirill Smelkov,2
Talha Oz,1
Austin Godber,1
Yotam Doron,1
cel,1
mamikony,1
Kazuhiko Shiozaki,1
Patrick Peglar,3
ryanblak,1
Gabriel-p,1
Jaime,130
Zbigniew Jędrzejewski-Szmek,2
Gregory R. Lee,5
kanhua,1
Didrik Pinte,1
Masud Rahman,1
saullogiovani,3
Toon Verstraelen,2
Brian Kearns,1
David M Fobes,1
RobberPhex,1
Jarl Haggerty,1
Joel Nothman,1
Yuval Langer,1
Malik Woods,1
Glen Mabey,1
Stefan Otte,5
chebee7i,11
Wendell Smith,6
Alistair Muldal,2
Elliott M Forney,1
Eric Hunsberger,1
Henning Dickten,2
Yuxiang Wang,2
Garrett-R,5
Adam Williams,1
Ryan Nelson,4
Bob Poekert,1
Thomas A Caswell,57
Sturla Molden,4
Eric O. LEBIGOT (EOL),1
Maniteja Nandana,1
Ian Henriksen,8
Stephan Hoyer,196
mbyt,2
Martin Thoma,4
Robert Johansson,1
Marshall Farrier,1
tdihp,1
Gerrit Holl,11
Darsh P. Ranjan,1
Allan Haldane,234
Leonardo Donelli,1
styr,1
Alan Briolat,1
abdulmuneer,1
Graham Christensen,1
Åsmund Hjulstad,6
Stefan Eng,1
Matthew Craig,3
Sebastien Gouezel,1
Chris Laumann,1
Michele Vallisneri,1
Chris Lamb,2
Lev Levitsky,1
Fei Liu,1
John Kirkham,49
Oliver Eberle,1
Simon Gibbons,12
Matt Newville,4
Jaime Fernandez,63
Nick Papior Andersen,10
Antoine Pitrou,18
hannaro,1
carlkl,3
John Tyree,1
Robert McGibbon,1
Anton Ovchinnikov,1
Yousef Hamza,1
David Powell,1
Gert-Ludwig Ingold,1
Endolith,4
Stuart Berg,2
Kreiswolke,1
George Castillo,2
RittaNarita,2
jmrosen155,1
Helder Cesar,1
Helder Oliveira,1
François Magimel,2
Michael Löffler,3
behzad nouri,3
Christian Brodbeck,1
Richard Barnes,1
tpoole,1
Andrea Bedini,1
Tom Krauss,1
Joris Van den Bossche,1
Vraj Mohan,1
Mortada Mehyar,2
Tim D. Smith,1
Jan Schlüter,2
Andrew Nelson,3
amir,1
wim glenn,5
Homu,5
Andrew Dawson,1
Gabor Kovacs,1
empeeu,3
Bertrand,1
Eric Martin,1
Greg Thomsen,1
mlai,1
James Salter,3
Nate Jensen,1
Chander G,1
Julien Dubois,1
Alex Willmer,9
Antony Lee,46
Peter Iannucci,1
Brigitta Sipocz,10
Varun Nayyar,3
yolanda15,4
Samuel St-Jean,3
James Camel,1
Yash Mehrotra,7
Anne Archibald,10
jschueller,1
Maximilian Trescher,2
Hassan Kibirige,2
MaPePeR,1
Colin Jermain,3
jason king,7
Dmitry Zagorny,5
Nick Papior,13
ahaldane,30
Michael Currie,1
Ruediger Meier,1
Chris Hogan,2
behrisch,1
mtran,1
eulerreich,1
Tobias Megies,1
Gabi Davar,1
Alexander Heger,2
David Sanders,2
Ryan Grout,1
Nicolas Calle,1
Yifan Li,1
Alain,1
Sumith,2
Ethan Kruse,1
lzkelley,3
Evgeni Burovski,9
Julien Lhermitte,2
Rémy Léone,3
François Bissey,4
floatingpointstack,1
Griffin Hosseinzadeh,1
Cong Ma,1
Iceman9,1
Simon Conseil,9
Jörn Hees,1
Matthias Geier,5
Mad Physicist,6
Boxiang Sun,2
Francis T. O'Donovan,1
gopalmeena,1
John Bjorn Nelson,1
gfyoung,47
Eugene Krokhalev,1
Alex Rogozhnikov,2
Nathaniel Hellabyte,1
Phaiax,1
Ryosuke Okuta,1
Vincent Legoll,1
anatoly techtonik,1
Eric Larson,10
Tapasweni Pathak,1
Holger Kohr,4
ldoddema,2
rehassachdeva,3
Konstantinos Psychas,1
Nicolás Della Penna,1
François Boulogne,1
Abdullah Alrasheed,1
=,1
Stuart Archibald,8
Jonathan Underwood,15
Tushar Gautam,1
Dmitry Odzerikho,2
Ka Wo Chen,1
Dongjoon Hyun,9
Joseph Fox-Rabinovitz,38
Graham Markall,2
Aditya Panchal,2
bertrand,3
I--P,1
Nathaniel Beaver,3
Arne de Laat,1
auke,3
Mads Ohm Larsen,2
Rob Malouf,1
mmartin,1
Tony Kelman,1
Auke Wiggers,1
Michael Seifert,44
Devin Jeanpierre,1
Joshua Warner,1
Meet Udeshi,1
Oren Amsalem,1
chiffa,2
golnazir,1
Ines Wichert,1
gkBCCN,1
Philip Gura,2
Emilien Kofman,3
Eren Sezener,2
Jeremy Tuloup,1
Denis Alevi,1
Marshall Ward,1
Phillip J. Wolfram,1
Loïc Estève,6
Nikola Forró,3
Luca Mussi,1
Tadeu Manoel,2
Victor Stinner,1
Mathieu Lamarre,5
nevimov,1
Sorin Sbarnea,1
Eric Wieser,1238
Kevin Deldycke,1
Edward Richards,1
stevenjkern,1
mattip,720
drasmuss,1
Ales Erjavec,1
Peter Creasey,1
Ekaterina Tuzova,1
Amit Aronovitch,2
Lion Krischer,3
Ray Donnelly,1
badhrink,1
MechCoder,1
e-q,1
John Zwinck,5
David Schaich,1
Kelsey Jordahl,1
Yu Feng,10
Jan David Mol,1
Yinon Ehrlich,1
Shayan Pooya,1
Mike Nolta,2
Toshihiro Kamishima,1
Mario Emmenlauer,1
Marshall Bockrath-Vandegrift,1
Scott Sanderson,4
dunneff,1
Kamil Rytarowski,1
Tom Bird,3
Daniel Ching,3
Xavier Abellan Ecija,1
Shota Kawabuchi,9
skwbc,1
Valentin Valls,1
Michael Goerz,1
Oleksandr Pavlyk,16
Pierre de Buyl,34
Matthias C. M. Troffaes,2
AustereCuriosity,1
Pedro Lacerda,1
Matti Picus,1203
KhaledTo,1
Yash Shah,1
naveenarun,2
Daniel Smith,5
Gustavo Serra Scalet,1
wrwrwr,10
Raghav RV,1
pelson,1
Elliott Forney,1
Ben Rowland,2
MattHarrigan,5
Antti Kaihola,2
Frederic Bastien,5
Josh Wilson,39
Ben North,1
Michael Felt,2
alvarosg,1
saurabh,1
petetanru,1
martinosorb,1
James Sanders,2
Takuya Akiba,1
Pavel Potocek,1
Alexandr Shadchin,9
Roland Kaufmann,12
Mikhail Pak,1
Brandon Carter,7
Oscar Villellas,4
Jonathan Tammo Siebert,4
Sami Salonen,2
Felix Berkenkamp,1
Bradley Wogsland,1
Danny Hermes,4
jutke,4
Jim Crist,1
A. Jesse Jiryu Davis,1
aha66,2
drlvk,1
Tom Boyd,2
pezcore,1
Kirill Balunov,3
Joerg Behrmann,1
drabach,1
Alessandro Pietro Bardelli,3
Alex Rothberg,1
Benda Xu,1
Joshua Loyal,1
Philipp A,2
Jesse Thoren,1
Eugene,1
Marein Könings,1
Zè Vinícius,1
Wirawan Purwanto,1
solarjoe,2
Alexander Shadchin,4
James Cowgill,1
Duke Vijitbenjaronk,1
Andres Guzman-Ballen,1
Evan Limanto,1
Jakub Wilk,3
ZZhaoTireless,2
Egor Klenin,1
Søren Fuglede Jørgensen,2
Likhith Chitneni,1
Marvin Schmidt,1
jsh9,1
Stefan Peterson,1
Baurzhan Muftakhidinov,2
Juan Nunez-Iglesias,1
Importance of Being Ernest,1
Matthias Bussonnier,50
zengi,1
B R S Recht,1
davidjn,1
Ville Skyttä,2
David Hagen,1
SuperBo,2
Shitian Ni,3
Konrad Kapp,3
k_kapp@yahoo.com,3
nickdg,1
Nicholas Del Grosso,1
Joseph Paul Cohen,1
Bob Eldering,6
Egor Panfilov,2
Pim de Haan,2
Jean Helie,1
Andras Deak,11
Joshua Leahy,1
Gunjan,1
Daniel Hrisca,4
Lukas Mericle,1
wufangjie,2
Dillon Niederhut,3
Matheus Portela,1
Licht Takeuchi,9
Nico Schlömer,9
James Bourbeau,3
David Schaefer,1
Christoph Boeddeker,1
Kevin Sheppard,238
Iryna Shcherbina,2
Srinivas Reddy Thatiparthy,5
Michael Lamparski,3
xoviat,60
Jamie Townsend,24
Alexey Brodkin,1
Jeroen Demeyer,3
Hong Xu,3
Robert T. McGibbon,1
Spencer Hill,3
Nelle Varoquaux,2
Bernhard M. Wiedemann,3
hemildesai,1
Stefan Winkler,1
Yang Li,1
Keno Goertz,3
Élie Gouzien,1
Oleg Zabluda,2
Serhiy Storchaka,2
Henke Adolfsson,1
Erik Bray,1
Andrew Lawson,4
Erik Quaeghebeur,1
John Goetz,2
David Linke,1
Steven Maude,1
Kristofor Maynard,2
Ziyan,1
Garry Polley,1
Jörg Döpfert,2
orbit-stabilizer,1
Kexuan Sun,8
chaoyu3,1
Thomas Köppe,2
Hidehiro NAGAOKA,1
Michael Odintsov,1
Michael Schnaitter,1
schnaitterm,2
Vedant Misra,1
Han Shen,1
Jake VanderPlas,1
Unknown,1
Darcy Meyer,1
Tai-Lin Wu,1
agurusa,1
Anna Chiara,1
Victor Rodriguez,1
Stefan Krah,2
luzpaz,3
luz.paz,5
Tyler Reddy,157
Milo,2
Anas Khan,6
James Tocknell,1
Kenichi Maehashi,3
Mark Harfouche,29
derrick,2
Mads R. B. Kristensen,1
Gaspar Karm,1
Samuel Jackson,1
Matheus Vieira Portela,2
Bjoern Thiel,1
Zane Bradley,1
Aarthi,2
Derrick Williams,1
Deepak Kumar Gouda,1
Claudio Freire,1
Tobias Fischer,1
Dennis Weyland,2
Mathieu Sornay,1
hobler,1
fo40225,1
Nils Becker,1
Kirit Thadaka,2
Hameer Abbasi,67
Andrey Portnoy,1
Russell Keith-Magee,2
bobeldering,1
lumbric,1
Louis Potok,1
Chris Billington,2
siavashserver,1
Aaron Critchley,1
guoci,4
MSeifert04,14
Frederick Lefebvre,1
hvy,3
Jonas Rauber,3
ChloeColeongco,1
Lakshay Garg,4
Jeff VanOss,4
Paul van Mulbregt,2
Orestis Floros,1
David Abdurachmanov,1
Aurelien Jarno,1
mamrehn,1
Berend Kapelle,1
Jonathan March,1
Pierre Chanial,1
lapack_lite code generator,1
Subhendu Ranjan Mishra,1
Subhendu,1
Toshiki Kataoka,8
Malcolm Smith,1
Chun-Wei Yuan,1
Raunak Shah,1
Junjie Bai,1
Ihor Melnyk,1
Nikita Kartashov,1
Alex Thomas,1
alexthomas93,1
"Nicholas Nadeau, P.Eng., AVS",1
tynn,1
Mike Toews,3
Lars G,7
Eric Cousineau,2
fivemok,2
Marten H. van Kerkwijk,1
zuko3d,1
Christopher,1
Kritika Jalan,1
Matthew Rocklin,6
Kimikazu Kato,1
Juris Bogusevs,1
Ryan Soklaski,7
Miguel Sánchez de León Peque,1
Pat Gunn,6
Nikita,1
Cenny Wenner,2
Minkyu Lee,2
attack68,1
Uddeshya Singh,5
silenc3r,1
Jack Vreeken,1
William D. Irons,1
Anner,3
Joscha Reimer,9
Isuru Fernando,18
Rohit Pandey,1
Max Aifer,1
Lilian Besson,1
Sho Nakamura,1
Krzysztof Chomski,1
logeaux,2
Kyle Sunden,1
alyssaq,1
cclauss,1
danielballan,1
Moshe Looks,1
Juan Azcarreta,1
Heath Henley,2
Jeremy Manning,1
C.A.M. Gerlach,2
Jeremy Chen,5
Taylor Smith,2
Elliott Sales de Andrade,12
Bas van Schaik,2
Wenjamin Petrenko,1
Yukun Guo,1
Nikita Titov,1
Jeff,2
Jeffrey Yancey,4
"Michael Hirsch, Ph.D",1
MichaelSaah,1
Tim Swast,1
Yannick Jadoul,3
Christopher Pezley,1
Yug Khanna,1
Derek Kim,2
Giulio Benetti,1
Roman Yurchak,12
J. Lewis Muir,1
Eric Schles,3
Matt Harrigan,1
Emil Hessman,6
mfkasim91,3
Pierre Glaser,14
Yadong Zhang,1
Thibault Hallouin,1
Matthew Bowden,1
kngwyu,2
lerbuke,1
Robin Aggleton,1
tteichmann,1
wtli@Dirac,2
Joachim Hereth,1
Stan Seibert,2
Paul Müller,1
Tobias Uelwer,2
Elena Mokeeva,2
Mircea Akos Bruma,7
Guillaume Gautier,1
wtli,6
Mircea-Akos Brumă,2
Alon Hershenhorn,1
Lars Grüter,1
Dima Pasechnik,8
Tim Felgentreff,1
Ayappan P,1
Andreas Nussbaumer,1
Edgar Giovanni Lepe,1
ankokumoyashi,1
Michael James Jamie  Schnaitter,1
Jonas Jensen,1
Jim Turner,1
Dieter Werthmüller,3
Lars Grueter,6
Anthony Sottile,1
danielhrisca,5
Ilja,1
Abdur Rehman,1
Martin Reinecke,4
Abdur-Rahmaan Janhangeer,1
Arcesio Castaneda Medina,1
Piyush Jaipuriayar,1
Albert Thomas,1
adeak,2
Andy Scholand,1
EelcoPeacs,1
Nimish Telang,1
OBATA Akio,1
Jingbei Li,1
Nicola Soranzo,2
Dominic Jack,1
Adam Orr,1
Adam J. Stewart,3
Jan S. (Milania1),1
Yu Kobayashi,1
Ankit Shukla,1
Bharat123Rox,5
tlatorre,1
Christopher Whelan,9
Ian Sanders,1
Rishabh Chakrabarti,1
Alex Watt,3
Isaiah Norton,1
Bran,5
euronion,1
Daniel Lawrence,2
Katharine Hyatt,7
Haoyu Sun,1
Fabrice Fontaine,2
kai,1
Kai Striega,4
Vrinda Narayan,2
Debsankha Manik,4
kikocorreoso,5
kritisingh1,29
Chirag Nighut,1
parul,6
Kriti Singh,5
Assem,1
vrindaaa,2
spacescientist,1
Tyler Moncur,2
Ander Ustarroz,1
Raghuveer Devulapalli,120
Bharat123rox,14
Peter Andreas Entschev,50
Mike Lui,2
ayir,1
Gregory Lee,5
Min ho Kim,3
kirienko,1
Surya P,2
Nick R. Papior,2
psschand,1
Andrew Naguib,1
Manvi07,1
Ryan Levy,1
Peter Bell,2
Michel Fruchart,10
Bharat Raghunathan,11
Aaron Voelker,1
Hunter Damron,1
John Belmonte,2
kai-striega,10
denniszollo,1
Sergei Lebedev,3
bduvenhage,4
Javier Dehesa,1
Alexander Blinne,1
Prithvi MK,1
Ori Broda,3
jeremycl01,2
John Law,1
Abhinav Sagar,2
sorenrasmussenai,1
Bruce Merry,2
jeremiedbb,2
Richard Harris,1
aashuli,1
Gary Gurlaskie,2
Chuanzhu Xu,1
Maksim Shabunin,1
Bernardt Duvenhage,1
He Jia,5
shekharrajak,4
Isaac Virshup,2
Mike Taves,23
Seth Troisi,53
Steve Stagg,3
Johann Faouzi,2
Aryan Naraghi,1
Samesh Lakhotia,3
Colin Snyder,5
Guillaume Horel,13
Bastian Eichenberger,1
Dan Allan,8
Jeff Hale,1
patto90,4
Disconnect3d,1
Samesh,8
Matt Haberland,1
Jackie Leng,1
Harmon,1
João Marcos Gris,1
Yuan,1
Zijie (ZJ) Poh,3
Antoine Dechaume,1
Guanqun Lu,2
Maxwell Aladago,11
RedRuM,20
Giuseppe Cuccu,1
zjpoh,9
Géraud Le Falher,1
Guilherme Leobas,4
"Huang, Guangtai",3
Peter Cock,1
aleju,2
Matt McCormick,1
colinsnyder,1
Tim Hoffmann,15
Omar Merghany,1
Vladimir Pershin,1
Anne Bonner,2
Max Bolingbroke,1
Pradeep Reddy Raamana,2
Hugo,7
Jon Dufresne,8
dependabot-preview[bot],109
Eugene Prilepin,2
CakeWithSteak,1
mreineck,1
Qiming Sun,9
Andrew Liu,3
Esben Haabendal,1
Larry Bradley,3
Felix Divo,6
Alex Henrie,6
Joseph R. Fox-Rabinovitz,4
Simon Notley,1
Simon,1
David Stansby,6
Jack Woehr,1
Dmytro,2
Chris Markiewicz,1
Siddhesh Poyarekar,1
johann.faouzi,1
Jack J. Woehr,6
Hyeonguk Ryu,1
Michael Hudson-Doyle,1
Grzegorz Bokota,1
Manny,1
keewis,1
zoj613,1
Chris Burr,2
mproszewska,1
Doug Davis,1
Gina,1
mpro,3
David Zwicker,1
Ilhan Polat,1
Brian Wignall,3
Anis Ladram,2
jfbu,3
Sanjeev Kumar,2
Andreas Klöckner,1
Daniel Povey,1
Tirth Patel,14
Till Hoffmann,2
Zé Vinícius,1
Keewis,1
Ross Barnowski,132
hippo91,1
Hao Jin,1
Melissa Weber Mendonça,76
mattharrigan,1
tirthasheshpatel,1
Kirill Zinovjev,1
MLK97,2
Xavier Thomas,12
Fabio Zeiser,1
kishimoto-banana,1
Anthony,2
Anton Ritter-Gogerly,1
Sha Liu,1
SanthoshBala18,1
Eric Mariasis,25
Emmanuelle Gouillart,1
Jon Morris,1
przemb,3
Sayed Adel,159
Zac-HD,7
melissawm,39
Ganesh Kathiresan,93
Alexandre de Siqueira,3
Harshal Prakash Patankar,1
Heshy Roskes,1
Christian Kastner,1
and-sang,1
matt,1
Qiyu8,100
Gengxin Xie,20
Changqing Li,1
Melissa Weber Mendonca,3
Himanshu Garg,1
John Han,1
Jim,1
Huon Wilson,1
Rakesh Vasudevan,2
Anirudh Subramanian,24
Mibu287,1
sgasse,2
Brandt Bucher,5
Maxwell Bileschi,1
Pan Jan,12
Yilin LI,1
Damien Caliste,4
Gabriel Gerlero,1
nglinh,1
Max Balandat,1
Andrei Shirobokov,1
m-podhajski,1
dustanlevenstein,1
vrakesh,3
Adam,1
panpiort8,2
Paul Rougieux,1
keremh,3
shreepads,1
Chris Holland,2
Chunlin,10
RenaRuirui,1
Kerem Hallaç,3
gamboon,1
Benjamin Trendelkamp-Schroer,1
sslivkoff,1
ndunnewind,1
Petre-Flaviu Gostin,1
mayeut,4
MatteoRaso,1
Tina Oberoi,2
E. Madison Bray,4
jakirkham,1
Erik Welch,1
dojafrat,2
bartosz-grabowski,1
Ryan,1
Siba Smarak Panigrahi,1
Martin Michlmayr,1
Dmitry Kutlenkov,2
Raphael Kruse,2
abhilash42,6
lkdmttg7,1
Ben Elliston,1
Elia Franzella,1
E. M. Bray,1
skywalker,1
Kevin Moore,1
jbrockmendel,8
LSchroefl,1
Wojciech Rzadkowski,4
Steve Dower,3
Tobias Pitters,17
CloseChoice,1
Ben Nathanson,62
forfun,1
Michael Hirsch,1
bjnath,5
Zuhair Ali-Khan,1
qiyu8,8
Etienne Guesnet,1
Daniel G. A. Smith,1
Takanori H,14
Bas van Beek,714
Kaspar Thommen,1
SabrinaSimao,2
Tapajyoti Bose,2
Paweł Redzyński,1
Levi Stovall,1
Lukas Geiger,1
Yuya Unno,1
Erfan Nariman | Veneficus,2
iamsoto,2
Hugo Mendes,1
Anthony Byuraev,1
Frankie Robertson,1
Allen Downey,2
tabhi0797,2
isabela-pf,5
EGuesnet,1
David Pitchford,1
dpitch40,1
Abhinav Reddy,1
Sarthak Vineet Kumar,1
Neal C,3
Laurie Stephey,1
Brandon David,1
Cameron Blocker,8
Rohit Sanjay,4
Chris Vavaliaris,1
Laurie,3
marload,6
leeyspaul,1
Wansoo Kim,4
Paul,3
takanori-pskq,33
davidedalbosco,1
谭九鼎,1
Simon Gasse,1
DevinShanahan,1
Antonio Larrosa,1
ashutosh619-sudo,2
Devin Shanahan,3
Alex,9
InessaPawson,8
Noman Arshad,2
Daniel Vanzo,3
Jesse Li,1
DumbMice,1
scimax,7
Max Kellermeier,12
Brian Soto,1
scoder,1
Dima Kogan,1
Phoenix Meadowlark,1
Aaron Meurer,181
raisinghanii,1
stphnlyd,1
jakobjakobson13,10
peterbell10,1
Sidhant Bansal,1
MelissaWM,12
karan-dhir,1
Raghav Khanna,1
Susan Chang,3
Ryan C Cooper,4
Philippe Ombredanne,1
EthanCJ-git,1
Albert Villanova del Moral,2
Yang Hau,1
Andrew Eckart,1
Chris Brown,1
Bijesh Mohan,1
Bradley Dice,1
Stefan Appelhoff,1
Gerry Manoim,1
Jack,1
JMFT,1
leakec,1
Jun Kudo,5
Jovial Joe Jayarson,1
Enrique Matías Sánchez (Quique),1
danbeibei,1
Safouane Chergui,1
Abhishek Singh,1
Hugo van Kemenade,9
stuartarchibald,1
Julia Signell,1
Sahil Siddiq,1
Ashutosh singh,1
Royston E Tauro,6
Lisa Schwetlick,1
Steve Joachim,1
Wei Yang,1
Ben Derrett,1
madhulikajc,1
Rashmi K A,1
andryandrew,1
mitch,1
Alexander Kuhn-Regnier,1
johnthagen,1
Bharat Medasani,1
Jakob,8
James Myatt,1
Veniamin Petrenko,1
Steven Pitman,1
Ian Thomas,2
Simon Graham,6
vorfol,1
prateek arora,1
Douglas Fenstermacher,1
Klaus Zimmermann,1
Dustin Spicuzza,2
bernie gray,1
Alex Leontiev,1
serge-sans-paille,26
Al-Baraa El-Hag,1
Hollow Man,1
sfolje0,1
Agbonze Osazuwa,1
"Tomoki, Karatsu",1
FX Coudert,1
Maia Kaplan,2
Christos Efstathiou,3
a-elhag,1
Rin Arakaki,2
Michal W. Tarnowski,1
kumudlakara,1
Ryan Polley,5
Faris A Chugthai,1
daaawx,1
Nilo Kruchelski,1
DWesl,23
PhanatosZou,1
Illviljan,6
Weh Andreas,1
David Carlier,1
Touqir Sajed,12
pmav99,1
Eertmans,1
Amarnath1904,1
James Gerity,4
Nicolas Hug,1
Mitchell Faas,4
Nicholas McKibben,2
mckib2,1
Mitchell-Faas,1
tautaus,1
Abhay Raghuvanshi,5
Leo Singer,4
Mary,5
zolboo1024,1
Jamie,4
Aerysv,1
AngelGris,3
François Le Lay,3
szsdk,2
Lumir Balhar,1
Filip Trojan,1
mdubravski,10
Jody Klymak,1
Matt,1
Matt-Ord,1
cisaacstern,1
Raúl Montón Pinillos,7
jbCodeHub,1
Filip Ter,2
Patrick T. Komiske III,1
aerikpawson,2
Kulin Seth,2
i-shenl,1
Mainak Debnath,1
Mateusz Sokół,1
leonarduschen,1
Leonardus,1
christos val,1
Giulio Procopio,1
Aitik Gupta,7
Neil,1
Ohad Ravid,1
mrios,2
Maxim Belkin,1
Alexander Hunt,6
Michał Górny,1
Christopher Dahlin,7
Kamil Choudhury,1
DCtheTall,3
tech-gian,1
Giannis Zapantis,3
Anthony Vo,6
Mike Boyle,1
Thomas J. Fan,23
drhpc,1
h6197627,2
Greg Lucas,2
Pamphile ROY,7
Deepyaman Datta,1
xamm,4
Matt Hall,1
Patrick,1
zoj,3
Sylwester Arabas,1
Ayush Verma,4
Nirjas Jakilim,1
Scian,1
Christina Hedges,1
Tania Allard,20
Adrian Price-Whelan,1
Amrit K,2
HowJmay,6
dependabot[bot],43
Matthew Badin,4
Chiara Marmo,15
Dong Keun Oh,1
legoffant,1
Amrit Krishnan,1
Kasia,10
EvaJau,1
lbogula,1
Marysia Winkels,1
Misal Raj,1
Yashasvi Misra,11
Constanza,2
Holly Corbett,4
yetanothercheer,1
Laura Martens,1
Lisa,1
Marco Aurélio da Costa,1
Marta Lemanczyk,1
8bitmp3,1
Atharva-Vidwans,1
Daniel Evans,1
Bhargav v,1
Marco Aurelio da Costa,2
Ismael Jimenez,1
Carl Michal,2
default-303,12
Pax,5
Nick Pope,1
Himanshu,1
Mukulika,37
Jérôme Kieffer,5
czgdp1807,66
AhmetCanSolak,1
Ahmet Can Solak,2
Eliaz Bobadilla,1
Mike Jarvis,1
MarsBarLee,22
Gagandeep Singh,23
Peter Hawkins,2
iameskild,3
eskild,3
ImenRajhi,3
royjacobson,1
Henry Schreiner,4
Joe Marshall,1
Andrew Watson,3
Hugo Defois,7
Guo,1
slepton,11
Elisha Hollander,1
theoniko,1
Jerry Morrison,7
rubiales,4
Niko Savola,1
Adrian Gao,1
Stephannie Jimenez Gacha,1
ZHANG NA,2
david-cortes,1
David Okpare,1
Niyas Sait,4
Anirudh Dagar,1
Carl Johnsen,1
Gwyn Ciesla,1
Ankit Dwivedi,6
NectDz,1
Ghiles Meddour,1
yan,1
shubham11941140,1
Derek Huang,2
slowy07,1
Clément Robert,1
Irit Katriel,1
HowJMay,5
Sista Seetaram,7
Sayantika Banik,5
Niels Dunnewind,1
warren,30
Kevin Modzelewski,1
Fayas Noushad,2
Rohit Goswami,47
Arun,3
Arryan Singh,2
Fayyr,1
Samyak S Sarnayak,1
Dimitri Papadopoulos,33
Prathmesh Shirsat,1
Developer-Ecosystem-Engineering,11
Dmitriy Fishman,1
sayantikabanik,1
MalikIdreesHasanKhan,1
Jonas Liechti,5
Jonathan Reichelt Gjertsen,1
Joshua,1
Alessia Marcolini,3
Johan von Forstner,1
Shriraj Hegde,1
Kent R. Spillner,1
Hector Martin,1
Peter Tillema,1
KIU Shueng Chuan,1
Arushi Sharma,4
Jonas I. Liechti,1
Tom Tan,1
bbrewington,2
Vijay Arora,1
jessijzhao,1
傅立业（Chris Fu）,1
Michael McCann,1
Mike McCann,1
Yuval Ofek,1
lalitmusmade,1
Muhammad Motawe,2
khuynh,1
Alban Colley,1
vinith2,1
H. Vetinari,10
Jérome Eertmans,1
abatomunkuev,1
Amit Kumar,1
Matthew Barber,8
Matthew,5
abel,12
Christoph Reiter,1
Elias Koromilas,2
Christoph Buchner,1
HaoZeke,1
Eero Vaher,1
Thomas Green,14
Thomas Li,16
Soumya,1
Hood Chatham,7
"Yoon, Jee Seok",1
Evan Miller,1
Andrei Batomunkuev,3
Ivan Yashchuk,1
Amrit,1
Ivan Gonzalez,2
André Elimelek de Weber,1
drosin,1
daaaaaahyun,1
Pradipta Ghosh,5
Muataz Attaia,1
Kazuki Sakamoto,1
pantelis,1
Cornelius Roemer,3
Burlen Loring,2
Andy Wharton,1
Inessa Pawson,6
Andrew J. Hesford,3
Evgeny Posenitskiy,1
Stefano Miccoli,1
Omid,1
Omid Rajaei,1
Dimitri Papadopoulos Orfanos,1
Rafael Cardoso Fernandes Sousa,11
bwoodsend,2
Jason Thai,3
Andrew Murray,1
Emma Simon,1
Somasree Majumder,1
mgunyho,1
Nihaal Sangha,1
Ruben Garcia,1
Masamichi Hosoda,2
Michael Burkhart,1
stephenworsley,1
Janus Heide,3
Janus,1
caioagiani,1
Morteza Mirzai,2
m10an,1
Sadie Louise Bartholomew,1
Simon Surland Andersen,1
Ovee Jawdekar,1
GalaxySnail,1
lorenzomammana,1
Don Kirkby,1
P. L. Lim,1
HarshCasper,1
Diego Wang,2
Jonathan Deng,7
Jérôme Richard,4
Ubuntu,1
Matthieu Darbois,1
Bhavuk kalra,9
Kassian Sun,1
Geoffrey Gunter,1
Nimrod,1
Ting Sun,1
Diwakar Gupta,1
bhavukkalra,1
Oscar Gustafsson,2
Motahhar Mokf,1
Mariusz Felisiak,2
kennychenfs,1
Logan Thomas,1
Namami Shanker,3
Andrey Andreyevich Bienkowski,2
Siyabend Ürün,1
code-review-doctor,1
John-Mark Gurney,1
